id,Season,city,date,team1,team2,toss_winner,toss_decision,result,dl_applied,winner,win_by_runs,win_by_wickets,player_of_match,venue,umpire1,umpire2,umpire3
7894,IPL-2018,Mumbai,07-04-2018,Mumbai Indians,Chennai Super Kings,Chennai Super Kings,field,normal,0,Chennai Super Kings,0,1,DJ Bravo,Wankhede Stadium,Chris Gaffaney,A Nanda Kishore,Anil Chaudhary
7895,IPL-2018,Mohali,08-04-2018,Delhi Daredevils,Kings XI Punjab,Kings XI Punjab,field,normal,0,Kings XI Punjab,0,6,KL Rahul,"Punjab Cricket Association IS Bindra Stadium, Mohali",Rod Tucker,K Ananthapadmanabhan,Nitin Menon
7896,IPL-2018,Kolkata,08-04-2018,Royal Challengers Bangalore,Kolkata Knight Riders,Kolkata Knight Riders,field,normal,0,Kolkata Knight Riders,0,4,SP Narine,Eden Gardens,C Shamshuddin,A.D Deshmukh,S Ravi
7897,IPL-2018,Hyderabad,09-04-2018,Rajasthan Royals,Sunrisers Hyderabad,Sunrisers Hyderabad,field,normal,0,Sunrisers Hyderabad,0,9,S Dhawan,"Rajiv Gandhi International Stadium, Uppal",Nigel Llong,Vineet Kulkarni,O Nandan
7898,IPL-2018,Chennai,10-04-2018,Kolkata Knight Riders,Chennai Super Kings,Chennai Super Kings,field,normal,0,Chennai Super Kings,0,5,SW Billings,"MA Chidambaram Stadium, Chepauk",Anil Chaudhary,Chris Gaffaney,A Nanda Kishore
7899,IPL-2018,Jaipur,11-04-2018,Rajasthan Royals,Delhi Daredevils,Delhi Daredevils,field,normal,1,Rajasthan Royals,10,0,SV Samson,Sawai Mansingh Stadium,K Ananthapadmanabhan,Rod Tucker,Nitin Menon
7900,IPL-2018,Hyderabad,12-04-2018,Mumbai Indians,Sunrisers Hyderabad,Sunrisers Hyderabad,field,normal,0,Sunrisers Hyderabad,0,1,Rashid Khan,"Rajiv Gandhi International Stadium, Uppal",O Nandan,Nigel Llong,Vineet Kulkarni
7901,IPL-2018,Bengaluru,13-04-2018,Kings XI Punjab,Royal Challengers Bangalore,Royal Challengers Bangalore,field,normal,0,Royal Challengers Bangalore,0,4,UT Yadav,M Chinnaswamy Stadium,S Ravi,A.D Deshmukh,C Shamshuddin
7902,IPL-2018,Mumbai,14-04-2018,Mumbai Indians,Delhi Daredevils,Delhi Daredevils,field,normal,0,Delhi Daredevils,0,7,JJ Roy,Wankhede Stadium,K Ananthapadmanabhan,Nitin Menon,Rod Tucker
7903,IPL-2018,Kolkata,14-04-2018,Kolkata Knight Riders,Sunrisers Hyderabad,Sunrisers Hyderabad,field,normal,0,Sunrisers Hyderabad,0,5,B Stanlake,Eden Gardens,A Nanda Kishore,Anil Chaudhary,Chris Gaffaney
7904,IPL-2018,Bengaluru,15-04-2018,Rajasthan Royals,Royal Challengers Bangalore,Royal Challengers Bangalore,field,normal,0,Rajasthan Royals,19,0,SV Samson,M Chinnaswamy Stadium,C Shamshuddin,S Ravi,A.D Deshmukh
7905,IPL-2018,Mohali,15-04-2018,Kings XI Punjab,Chennai Super Kings,Chennai Super Kings,field,normal,0,Kings XI Punjab,4,0,CH Gayle,"Punjab Cricket Association IS Bindra Stadium, Mohali",Vineet Kulkarni,O Nandan,Nigel Llong
7906,IPL-2018,Kolkata,16-04-2018,Kolkata Knight Riders,Delhi Daredevils,Delhi Daredevils,field,normal,0,Kolkata Knight Riders,71,0,N Rana,Eden Gardens,Anil Chaudhary,A Nanda Kishore,Chris Gaffaney
7907,IPL-2018,Mumbai,17-04-2018,Mumbai Indians,Royal Challengers Bangalore,Royal Challengers Bangalore,field,normal,0,Mumbai Indians,46,0,RG Sharma,Wankhede Stadium,Rod Tucker,Nitin Menon,K Ananthapadmanabhan
7908,IPL-2018,Jaipur,18-04-2018,Rajasthan Royals,Kolkata Knight Riders,Kolkata Knight Riders,field,normal,0,Kolkata Knight Riders,0,7,N Rana,Sawai Mansingh Stadium,S Ravi,A.D Deshmukh,C Shamshuddin
7909,IPL-2018,Mohali,19-04-2018,Kings XI Punjab,Sunrisers Hyderabad,Kings XI Punjab,bat,normal,0,Kings XI Punjab,15,0,CH Gayle,"Punjab Cricket Association IS Bindra Stadium, Mohali",Nigel Llong,Anil Chaudhary,Vineet Kulkarni
7910,IPL-2018,Pune,20-04-2018,Chennai Super Kings,Rajasthan Royals,Rajasthan Royals,field,normal,0,Chennai Super Kings,64,0,SR Watson,Maharashtra Cricket Association Stadium,Nitin Menon,K Ananthapadmanabhan,Rod Tucker
7911,IPL-2018,Kolkata,21-04-2018,Kolkata Knight Riders,Kings XI Punjab,Kings XI Punjab,field,normal,1,Kings XI Punjab,0,9,KL Rahul,Eden Gardens,C Shamshuddin,A.D Deshmukh,S Ravi
7912,IPL-2018,Bengaluru,21-04-2018,Delhi Daredevils,Royal Challengers Bangalore,Royal Challengers Bangalore,field,normal,0,Royal Challengers Bangalore,0,6,AB de Villiers,M Chinnaswamy Stadium,Chris Gaffaney,O Nandan,A Nanda Kishore
7913,IPL-2018,Hyderabad,22-04-2018,Chennai Super Kings,Sunrisers Hyderabad,Sunrisers Hyderabad,field,normal,0,Chennai Super Kings,4,0,AT Rayudu,"Rajiv Gandhi International Stadium, Uppal",Anil Chaudhary,Vineet Kulkarni,Nigel Llong
7914,IPL-2018,Jaipur,22-04-2018,Mumbai Indians,Rajasthan Royals,Mumbai Indians,bat,normal,0,Rajasthan Royals,0,3,J Archer,Sawai Mansingh Stadium,Rod Tucker,K Ananthapadmanabhan,Nitin Menon
7915,IPL-2018,Delhi,23-04-2018,Kings XI Punjab,Delhi Daredevils,Delhi Daredevils,field,normal,0,Kings XI Punjab,4,0,AS Rajpoot,Feroz Shah Kotla,O Nandan,A Nanda Kishore,Chris Gaffaney
7916,IPL-2018,Mumbai,24-04-2018,Sunrisers Hyderabad,Mumbai Indians,Mumbai Indians,field,normal,0,Sunrisers Hyderabad,31,0,Rashid Khan,Wankhede Stadium,C Shamshuddin,S Ravi,A.D Deshmukh
7917,IPL-2018,Bengaluru,25-04-2018,Royal Challengers Bangalore,Chennai Super Kings,Chennai Super Kings,field,normal,0,Chennai Super Kings,0,5,MS Dhoni,M Chinnaswamy Stadium,Nigel Llong,Virender Kumar Sharma,Anil Chaudhary
7918,IPL-2018,Hyderabad,26-04-2018,Sunrisers Hyderabad,Kings XI Punjab,Kings XI Punjab,field,normal,0,Sunrisers Hyderabad,13,0,AS Rajpoot,"Rajiv Gandhi International Stadium, Uppal",O Nandan,Yeshwant Barde,Rod Tucker
7919,IPL-2018,Delhi,27-04-2018,Delhi Daredevils,Kolkata Knight Riders,Kolkata Knight Riders,field,normal,0,Delhi Daredevils,55,0,SS Iyer,Feroz Shah Kotla,C Shamshuddin,S Ravi,A Nanda Kishore
7920,IPL-2018,Pune,28-04-2018,Chennai Super Kings,Mumbai Indians,Mumbai Indians,field,normal,0,Mumbai Indians,0,8,RG Sharma,Maharashtra Cricket Association Stadium,Chris Gaffaney,Nitin Menon,Anil Dandekar
7921,IPL-2018,Jaipur,29-04-2018,Sunrisers Hyderabad,Rajasthan Royals,Sunrisers Hyderabad,bat,normal,0,Sunrisers Hyderabad,11,0,KS Williamson,Sawai Mansingh Stadium,Bruce Oxenford,A Nanda Kishore,S Ravi
7922,IPL-2018,Bengaluru,29-04-2018,Royal Challengers Bangalore,Kolkata Knight Riders,Kolkata Knight Riders,field,normal,0,Kolkata Knight Riders,0,6,CA Lynn,M Chinnaswamy Stadium,Nigel Llong,Anil Chaudhary,Virender Kumar Sharma
7923,IPL-2018,Pune,30-04-2018,Chennai Super Kings,Delhi Daredevils,Delhi Daredevils,field,normal,0,Chennai Super Kings,13,0,SR Watson,Maharashtra Cricket Association Stadium,C Shamshuddin,Anil Dandekar,O Nandan
7924,IPL-2018,Bengaluru,01-05-2018,Royal Challengers Bangalore,Mumbai Indians,Mumbai Indians,field,normal,0,Royal Challengers Bangalore,14,0,TG Southee,M Chinnaswamy Stadium,Marais Erasmus,Nitin Menon,Yeshwant Barde
7925,IPL-2018,Delhi,02-05-2018,Delhi Daredevils,Rajasthan Royals,Rajasthan Royals,field,normal,1,Delhi Daredevils,4,0,RR Pant,Feroz Shah Kotla,O Nandan,Virender Kumar Sharma,Bruce Oxenford
7926,IPL-2018,Kolkata,03-05-2018,Chennai Super Kings,Kolkata Knight Riders,Kolkata Knight Riders,field,normal,0,Kolkata Knight Riders,0,6,SP Narine,Eden Gardens,Kumar Dharmasena,A.D Deshmukh,Anil Chaudhary
7927,IPL-2018,Indore,04-05-2018,Kings XI Punjab,Mumbai Indians,Mumbai Indians,field,normal,0,Mumbai Indians,0,6,AS Yadav,Holkar Cricket Stadium,S Ravi,Anil Dandekar,C Shamshuddin
7928,IPL-2018,Pune,05-05-2018,Royal Challengers Bangalore,Chennai Super Kings,Chennai Super Kings,field,normal,0,Chennai Super Kings,0,6,RA Jadeja,Maharashtra Cricket Association Stadium,Nitin Menon,Yeshwant Barde,Marais Erasmus
7929,IPL-2018,Hyderabad,05-05-2018,Delhi Daredevils,Sunrisers Hyderabad,Delhi Daredevils,bat,normal,0,Sunrisers Hyderabad,0,7,Rashid Khan,"Rajiv Gandhi International Stadium, Uppal",Bruce Oxenford,O Nandan,Virender Kumar Sharma
7930,IPL-2018,Mumbai,06-05-2018,Mumbai Indians,Kolkata Knight Riders,Kolkata Knight Riders,field,normal,0,Mumbai Indians,13,0,HH Pandya,Wankhede Stadium,Kumar Dharmasena,A.D Deshmukh,Anil Chaudhary
7931,IPL-2018,Indore,06-05-2018,Rajasthan Royals,Kings XI Punjab,Kings XI Punjab,field,normal,0,Kings XI Punjab,0,6,M Ur Rahman,Holkar Cricket Stadium,C Shamshuddin,S Ravi,Anil Dandekar
7932,IPL-2018,Hyderabad,07-05-2018,Sunrisers Hyderabad,Royal Challengers Bangalore,Royal Challengers Bangalore,field,normal,0,Sunrisers Hyderabad,5,0,KS Williamson,"Rajiv Gandhi International Stadium, Uppal",Bruce Oxenford,Virender Kumar Sharma,O Nandan
7933,IPL-2018,Jaipur,08-05-2018,Rajasthan Royals,Kings XI Punjab,Rajasthan Royals,bat,normal,0,Rajasthan Royals,15,0,JC Buttler,Sawai Mansingh Stadium,Marais Erasmus,Nitin Menon,Yeshwant Barde
7934,IPL-2018,Kolkata,09-05-2018,Mumbai Indians,Kolkata Knight Riders,Kolkata Knight Riders,field,normal,0,Mumbai Indians,102,0,Ishan Kishan,Eden Gardens,Anil Chaudhary,K Ananthapadmanabhan,Kumar Dharmasena
7935,IPL-2018,Delhi,10-05-2018,Delhi Daredevils,Sunrisers Hyderabad,Delhi Daredevils,bat,normal,0,Sunrisers Hyderabad,0,9,S Dhawan,Feroz Shah Kotla,C Shamshuddin,Anil Dandekar,S Ravi
7936,IPL-2018,Jaipur,11-05-2018,Chennai Super Kings,Rajasthan Royals,Chennai Super Kings,bat,normal,0,Rajasthan Royals,0,4,JC Buttler,Sawai Mansingh Stadium,Marais Erasmus,Yeshwant Barde,Nitin Menon
7937,IPL-2018,Indore,12-05-2018,Kolkata Knight Riders,Kings XI Punjab,Kings XI Punjab,field,normal,0,Kolkata Knight Riders,31,0,SP Narine,Holkar Cricket Stadium,O Nandan,Virender Kumar Sharma,Bruce Oxenford
7938,IPL-2018,Delhi,12-05-2018,Delhi Daredevils,Royal Challengers Bangalore,Royal Challengers Bangalore,field,normal,0,Royal Challengers Bangalore,0,5,AB de Villiers,Feroz Shah Kotla,Kumar Dharmasena,Anil Chaudhary,K Ananthapadmanabhan
7939,IPL-2018,Pune,13-05-2018,Sunrisers Hyderabad,Chennai Super Kings,Chennai Super Kings,field,normal,0,Chennai Super Kings,0,8,AT Rayudu,Maharashtra Cricket Association Stadium,Marais Erasmus,Yeshwant Barde,Anil Dandekar
7940,IPL-2018,Mumbai,13-05-2018,Mumbai Indians,Rajasthan Royals,Rajasthan Royals,field,normal,0,Rajasthan Royals,0,7,JC Buttler,Wankhede Stadium,Nitin Menon,S Ravi,C Shamshuddin
7941,IPL-2018,Indore,14-05-2018,Kings XI Punjab,Royal Challengers Bangalore,Royal Challengers Bangalore,field,normal,0,Royal Challengers Bangalore,0,10,UT Yadav,Holkar Cricket Stadium,Bruce Oxenford,Virender Kumar Sharma,O Nandan
7942,IPL-2018,Kolkata,15-05-2018,Rajasthan Royals,Kolkata Knight Riders,Kolkata Knight Riders,field,normal,0,Kolkata Knight Riders,0,6,Kuldeep Yadav,Eden Gardens,Kumar Dharmasena,Anil Chaudhary,Vineet Kulkarni
7943,IPL-2018,Mumbai,16-05-2018,Mumbai Indians,Kings XI Punjab,Kings XI Punjab,field,normal,0,Mumbai Indians,3,0,JJ Bumrah,Wankhede Stadium,Marais Erasmus,Nitin Menon,Yeshwant Barde
7944,IPL-2018,Bengaluru,17-05-2018,Royal Challengers Bangalore,Sunrisers Hyderabad,Sunrisers Hyderabad,field,normal,0,Royal Challengers Bangalore,14,0,AB de Villiers,M Chinnaswamy Stadium,S Ravi,Anil Dandekar,C Shamshuddin
7945,IPL-2018,Delhi,18-05-2018,Delhi Daredevils,Chennai Super Kings,Chennai Super Kings,field,normal,0,Delhi Daredevils,34,0,HV Patel,Feroz Shah Kotla,Kumar Dharmasena,Vineet Kulkarni,O Nandan
7946,IPL-2018,Jaipur,19-05-2018,Rajasthan Royals,Royal Challengers Bangalore,Rajasthan Royals,bat,normal,0,Rajasthan Royals,30,0,S Gopal,Sawai Mansingh Stadium,Bruce Oxenford,Virender Kumar Sharma,C Shamshuddin
7947,IPL-2018,Hyderabad,19-05-2018,Sunrisers Hyderabad,Kolkata Knight Riders,Sunrisers Hyderabad,bat,normal,0,Kolkata Knight Riders,0,5,CA Lynn,"Rajiv Gandhi International Stadium, Uppal",Anil Chaudhary,S Ravi,Anil Dandekar
7948,IPL-2018,Delhi,20-05-2018,Delhi Daredevils,Mumbai Indians,Delhi Daredevils,bat,normal,0,Delhi Daredevils,11,0,A Mishra,Feroz Shah Kotla,Kumar Dharmasena,O Nandan,Vineet Kulkarni
7949,IPL-2018,Pune,20-05-2018,Kings XI Punjab,Chennai Super Kings,Chennai Super Kings,field,normal,0,Chennai Super Kings,0,5,L Ngidi,Maharashtra Cricket Association Stadium,Nitin Menon,Yeshwant Barde,Marais Erasmus
7950,IPL-2018,Mumbai,22-05-2018,Sunrisers Hyderabad,Chennai Super Kings,Chennai Super Kings,field,normal,0,Chennai Super Kings,0,2,F du Plessis,Wankhede Stadium,Marais Erasmus,C Shamshuddin,S Ravi
7951,IPL-2018,Kolkata,23-05-2018,Kolkata Knight Riders,Rajasthan Royals,Rajasthan Royals,field,normal,0,Kolkata Knight Riders,25,0,AD Russell,Eden Gardens,Nitin Menon,Anil Chaudhary,Kumar Dharmasena
7952,IPL-2018,Kolkata,25-05-2018,Sunrisers Hyderabad,Kolkata Knight Riders,Kolkata Knight Riders,field,normal,0,Sunrisers Hyderabad,14,0,Rashid Khan,Eden Gardens,Nitin Menon,Kumar Dharmasena,Anil Chaudhary
7953,IPL-2018,Mumbai,27-05-2018,Sunrisers Hyderabad,Chennai Super Kings,Chennai Super Kings,field,normal,0,Chennai Super Kings,0,8,SR Watson,Wankhede Stadium,Marais Erasmus,S Ravi,Nitin Menon
11137,IPL-2019,Chennai,23-03-2019,Royal Challengers Bangalore,Chennai Super Kings,Chennai Super Kings,field,normal,0,Chennai Super Kings,0,7,Harbhajan Singh,M. A. Chidambaram Stadium,Bruce Oxenford,Anil Dandekar,Nitin Menon
11138,IPL-2019,Kolkata,24-03-2019,Sunrisers Hyderabad,Kolkata Knight Riders,Kolkata Knight Riders,field,normal,0,Kolkata Knight Riders,0,6,AD Russell,Eden Gardens,Chris Gaffaney,Anil Chaudhary,Vineet Kulkarni
11139,IPL-2019,Mumbai,24-03-2019,Delhi Capitals,Mumbai Indians,Mumbai Indians,field,normal,0,Delhi Capitals,37,0,RR Pant,Wankhede Stadium,S Ravi,Yeshwant Barde,O Nandan
11140,IPL-2019,Jaipur,25-03-2019,Kings XI Punjab,Rajasthan Royals,Rajasthan Royals,field,normal,0,Kings XI Punjab,14,0,CH Gayle,Sawai Mansingh Stadium,C Shamshuddin,KN Anantapadmanabhan,Bruce Oxenford
11141,IPL-2019,Delhi,26-03-2019,Delhi Capitals,Chennai Super Kings,Delhi Capitals,bat,normal,0,Chennai Super Kings,0,6,SR Watson,Feroz Shah Kotla Ground,Marais Erasmus,Nitin Menon,Anil Dandekar
11142,IPL-2019,Kolkata,27-03-2019,Kolkata Knight Riders,Kings XI Punjab,Kings XI Punjab,field,normal,0,Kolkata Knight Riders,28,0,AD Russell,Eden Gardens,Anil Chaudhary,Vineet Kulkarni,Chris Gaffaney
11143,IPL-2019,Bengaluru,28-03-2019,Mumbai Indians,Royal Challengers Bangalore,Royal Challengers Bangalore,field,normal,0,Mumbai Indians,6,0,JJ Bumrah,M. Chinnaswamy Stadium,S Ravi,O Nandan,Yeshwant Barde
11144,IPL-2019,Hyderabad,29-03-2019,Rajasthan Royals,Sunrisers Hyderabad,Rajasthan Royals,bat,normal,0,Sunrisers Hyderabad,0,5,Rashid Khan,Rajiv Gandhi Intl. Cricket Stadium,Bruce Oxenford,C Shamshuddin,KN Anantapadmanabhan
11145,IPL-2019,Mohali,30-03-2019,Mumbai Indians,Kings XI Punjab,Kings XI Punjab,field,normal,0,Kings XI Punjab,0,8,MA Agarwal,IS Bindra Stadium,Vineet Kulkarni,Chris Gaffaney,Anil Chaudhary
11146,IPL-2019,Delhi,30-03-2019,Kolkata Knight Riders,Delhi Capitals,Delhi Capitals,field,tie,0,Delhi Capitals,0,0,P Shaw,Feroz Shah Kotla Ground,Anil Dandekar,Nitin Menon,Marais Erasmus
11147,IPL-2019,Hyderabad,31-03-2019,Sunrisers Hyderabad,Royal Challengers Bangalore,Royal Challengers Bangalore,field,normal,0,Sunrisers Hyderabad,118,0,J Bairstow,Rajiv Gandhi Intl. Cricket Stadium,S Ravi,KN Anantapadmanabhan,C Shamshuddin
11148,IPL-2019,Chennai,31-03-2019,Chennai Super Kings,Rajasthan Royals,Rajasthan Royals,field,normal,0,Chennai Super Kings,8,0,MS Dhoni,M. A. Chidambaram Stadium,O Nandan,Yeshwant Barde,Bruce Oxenford
11149,IPL-2019,Mohali,01-04-2019,Kings XI Punjab,Delhi Capitals,Delhi Capitals,field,normal,0,Kings XI Punjab,14,0,S Curran,IS Bindra Stadium,Anil Chaudhary,Chris Gaffaney,Vineet Kulkarni
11150,IPL-2019,Jaipur,02-04-2019,Royal Challengers Bangalore,Rajasthan Royals,Rajasthan Royals,field,normal,0,Rajasthan Royals,0,7,S Gopal,Sawai Mansingh Stadium,Marais Erasmus,Anil Dandekar,Nitin Menon
11151,IPL-2019,Mumbai,03-04-2019,Mumbai Indians,Chennai Super Kings,Chennai Super Kings,field,normal,0,Mumbai Indians,37,0,HH Pandya,Wankhede Stadium,Bruce Oxenford,Rod Tucker,Yeshwant Barde
11152,IPL-2019,Delhi,04-04-2019,Delhi Capitals,Sunrisers Hyderabad,Sunrisers Hyderabad,field,normal,0,Sunrisers Hyderabad,0,5,J Bairstow,Feroz Shah Kotla Ground,C Shamshuddin,KN Anantapadmanabhan,S Ravi
11153,IPL-2019,Bengaluru,05-04-2019,Royal Challengers Bangalore,Kolkata Knight Riders,Kolkata Knight Riders,field,normal,0,Kolkata Knight Riders,0,5,AD Russell,M. Chinnaswamy Stadium,Anil Chaudhary,Chris Gaffaney,O Nandan
11309,IPL-2019,Chennai,06-04-2019,Chennai Super Kings,Kings XI Punjab,Chennai Super Kings,bat,normal,0,Chennai Super Kings,22,0,Harbhajan Singh,M. A. Chidambaram Stadium,KN Ananthapadmanabhan,Rod Tucker,C Shamshuddin
11310,IPL-2019,Hyderabad,06-04-2019,Mumbai Indians,Sunrisers Hyderabad,Sunrisers Hyderabad,field,normal,0,Mumbai Indians,40,0,A Joseph,Rajiv Gandhi Intl. Cricket Stadium,Anil Dandekar,Nitin Menon,Marais Erasmus
11311,IPL-2019,Bengaluru,07-04-2019,Royal Challengers Bangalore,Delhi Capitals,Delhi Capitals,field,normal,0,Delhi Capitals,0,4,K Rabada,M. Chinnaswamy Stadium,S Ravi,Yeshwant Barde,O Nandan
11312,IPL-2019,Jaipur,07-04-2019,Rajasthan Royals,Kolkata Knight Riders,Kolkata Knight Riders,field,normal,0,Kolkata Knight Riders,0,8,H Gurney,Sawai Mansingh Stadium,Chris Gaffaney,Anil Chaudhary,Bruce Oxenford
11313,IPL-2019,Mohali,08-04-2019,Sunrisers Hyderabad,Kings XI Punjab,Kings XI Punjab,field,normal,0,Kings XI Punjab,0,6,KL Rahul,IS Bindra Stadium,Marais Erasmus,Anil Dandekar,Nitin Menon
11314,IPL-2019,Chennai,09-04-2019,Kolkata Knight Riders,Chennai Super Kings,Chennai Super Kings,field,normal,0,Chennai Super Kings,0,7,DL Chahar,M. A. Chidambaram Stadium,Rod Tucker,C Shamshuddin,Ulhas Gandhe
11315,IPL-2019,Mumbai,10-04-2019,Kings XI Punjab,Mumbai Indians,Mumbai Indians,field,normal,0,Mumbai Indians,0,3,KA Pollard,Wankhede Stadium,Yeshwant Barde,S Ravi,O Nandan
11316,IPL-2019,Jaipur,11-04-2019,Rajasthan Royals,Chennai Super Kings,Chennai Super Kings,field,normal,0,Chennai Super Kings,0,4,MS Dhoni,Sawai Mansingh Stadium,Bruce Oxenford,Ulhas Gandhe,Chris Gaffaney
11317,IPL-2019,Kolkata,12-04-2019,Kolkata Knight Riders,Delhi Capitals,Delhi Capitals,field,normal,0,Delhi Capitals,0,7,S Dhawan,Eden Gardens,Yeshwant Barde,O Nandan,Rod Tucker
11318,IPL-2019,Mumbai,13-04-2019,Mumbai Indians,Rajasthan Royals,Rajasthan Royals,field,normal,0,Rajasthan Royals,0,4,JC Buttler,Wankhede Stadium,Nitin Menon,Nanda Kishore,Marais Erasmus
11319,IPL-2019,Mohali,13-04-2019,Kings XI Punjab,Royal Challengers Bangalore,Royal Challengers Bangalore,field,normal,0,Royal Challengers Bangalore,0,8,AB de Villiers,IS Bindra Stadium,S Ravi,Ulhas Gandhe,Nigel Llong
11320,IPL-2019,Kolkata,14-04-2019,Kolkata Knight Riders,Chennai Super Kings,Chennai Super Kings,field,normal,0,Chennai Super Kings,0,5,Imran Tahir,Eden Gardens,Rod Tucker,O Nandan,Yeshwant Barde
11321,IPL-2019,Hyderabad,14-04-2019,Delhi Capitals,Sunrisers Hyderabad,Sunrisers Hyderabad,field,normal,0,Delhi Capitals,39,0,K Paul,Rajiv Gandhi Intl. Cricket Stadium,Anil Chaudhary,Bruce Oxenford,Chris Gaffaney
11322,IPL-2019,Mumbai,15-04-2019,Royal Challengers Bangalore,Mumbai Indians,Mumbai Indians,field,normal,0,Mumbai Indians,0,5,SL Malinga,Wankhede Stadium,Marais Erasmus,Nitin Menon,Nanda Kishore
11323,IPL-2019,Mohali,16-04-2019,Kings XI Punjab,Rajasthan Royals,Rajasthan Royals,field,normal,0,Kings XI Punjab,12,0,R Ashwin,IS Bindra Stadium,Anil Chaudhary,Vineet Kulkarni,S Ravi
11324,IPL-2019,Hyderabad,17-04-2019,Chennai Super Kings,Sunrisers Hyderabad,Chennai Super Kings,bat,normal,0,Sunrisers Hyderabad,0,6,DA Warner,Rajiv Gandhi Intl. Cricket Stadium,Ian Gould,Ulhas Gandhe,C Shamshuddin
11325,IPL-2019,Delhi,18-04-2019,Mumbai Indians,Delhi Capitals,Mumbai Indians,bat,normal,0,Mumbai Indians,40,0,HH Pandya,Feroz Shah Kotla Ground,Nigel Llong,Bruce Oxenford,Anil Chaudhary
11326,IPL-2019,Kolkata,19-04-2019,Royal Challengers Bangalore,Kolkata Knight Riders,Kolkata Knight Riders,field,normal,0,Royal Challengers Bangalore,10,0,V Kohli,Eden Gardens,Ian Gould,Nitin Menon,Anil Dandekar
11327,IPL-2019,Jaipur,20-04-2019,Mumbai Indians,Rajasthan Royals,Rajasthan Royals,field,normal,0,Rajasthan Royals,0,5,SPD Smith,Sawai Mansingh Stadium,S Ravi,Yeshwant Barde,O Nandan
11328,IPL-2019,Delhi,20-04-2019,Kings XI Punjab,Delhi Capitals,Delhi Capitals,field,normal,0,Delhi Capitals,0,5,SS Iyer,Feroz Shah Kotla Ground,Ulhas Gandhe,C Shamshuddin,Bruce Oxenford
11329,IPL-2019,Hyderabad,21-04-2019,Kolkata Knight Riders,Sunrisers Hyderabad,Sunrisers Hyderabad,field,normal,0,Sunrisers Hyderabad,0,9,K Ahmed,Rajiv Gandhi Intl. Cricket Stadium,Nitin Menon,Nigel Llong,Ian Gould
11330,IPL-2019,Bengaluru,21-04-2019,Royal Challengers Bangalore,Chennai Super Kings,Chennai Super Kings,field,normal,0,Royal Challengers Bangalore,1,0,PA Patel,M. Chinnaswamy Stadium,Vineet Kulkarni,Rod Tucker,Anil Chaudhary
11331,IPL-2019,Jaipur,22-04-2019,Rajasthan Royals,Delhi Capitals,Delhi Capitals,field,normal,0,Delhi Capitals,0,6,RR Pant,Sawai Mansingh Stadium,S Ravi,Nanda Kishore,Yeshwant Barde
11332,IPL-2019,Chennai,23-04-2019,Sunrisers Hyderabad,Chennai Super Kings,Chennai Super Kings,field,normal,0,Chennai Super Kings,0,6,SR Watson,M. A. Chidambaram Stadium,Nigel Llong,Anil Chaudhary,Vineet Kulkarni
11333,IPL-2019,Bengaluru,24-04-2019,Royal Challengers Bangalore,Kings XI Punjab,Kings XI Punjab,field,normal,0,Royal Challengers Bangalore,17,0,AB de Villiers,M. Chinnaswamy Stadium,Bruce Oxenford,C Shamshuddin,Rod Tucker
11334,IPL-2019,Kolkata,25-04-2019,Kolkata Knight Riders,Rajasthan Royals,Rajasthan Royals,field,normal,0,Rajasthan Royals,0,3,VR Aaron,Eden Gardens,Ian Gould,Anil Dandekar,Nitin Menon
11335,IPL-2019,Chennai,26-04-2019,Mumbai Indians,Chennai Super Kings,Chennai Super Kings,field,normal,0,Mumbai Indians,46,0,RG Sharma,M. A. Chidambaram Stadium,Nigel Llong,Anil Chaudhary,Vineet Kulkarni
11336,IPL-2019,Jaipur,27-04-2019,Sunrisers Hyderabad,Rajasthan Royals,Rajasthan Royals,field,normal,0,Rajasthan Royals,0,7,JD Unadkat,Sawai Mansingh Stadium,Yeshwant Barde,Nand Kishore,Sundaram Ravi
11337,IPL-2019,Delhi,28-04-2019,Delhi Capitals,Royal Challengers Bangalore,Delhi Capitals,bat,normal,0,Delhi Capitals,16,0,S Dhawan,Feroz Shah Kotla Ground,Bruce Oxenford,KN Ananthapadmanabhan,C Shamshuddin
11338,IPL-2019,Kolkata,28-04-2019,Kolkata Knight Riders,Mumbai Indians,Mumbai Indians,field,normal,0,Kolkata Knight Riders,34,0,AD Russell,Eden Gardens,Ian Gould,Nitin Menon,Anil Dandekar
11339,IPL-2019,Hyderabad,29-04-2019,Sunrisers Hyderabad,Kings XI Punjab,Kings XI Punjab,field,normal,0,Sunrisers Hyderabad,45,0,DA Warner,Rajiv Gandhi Intl. Cricket Stadium,S Ravi,O Nandan,Nanda Kishore
11341,IPL-2019,Chennai,01-05-2019,Chennai Super Kings,Delhi Capitals,Delhi Capitals,field,normal,0,Chennai Super Kings,80,0,MS Dhoni,M. A. Chidambaram Stadium,Anil Dandekar,Nitin Menon,Ian Gould
11342,IPL-2019,Mumbai,02-05-2019,Mumbai Indians,Sunrisers Hyderabad,Mumbai Indians,bat,tie,0,Mumbai Indians,0,0,JJ Bumrah,Wankhede Stadium,S Ravi,O Nandan,Nanda Kishore
11343,IPL-2019,Mohali,03-05-2019,Kings XI Punjab,Kolkata Knight Riders,Kolkata Knight Riders,field,normal,0,Kolkata Knight Riders,0,7,S Gill,IS Bindra Stadium,Bruce Oxenford,C Shamshuddin,KN Ananthapadmanabhan
11344,IPL-2019,Delhi,04-05-2019,Rajasthan Royals,Delhi Capitals,Rajasthan Royals,bat,normal,0,Delhi Capitals,0,5,A Mishra,Feroz Shah Kotla Ground,Ian Gould,Anil Dandekar,Nitin Menon
11345,IPL-2019,Bengaluru,04-05-2019,Sunrisers Hyderabad,Royal Challengers Bangalore,Royal Challengers Bangalore,field,normal,0,Royal Challengers Bangalore,0,4,S Hetmyer,M. Chinnaswamy Stadium,Nigel Llong,Anil Chaudhary,Ulhas Gandhe
11346,IPL-2019,Mohali,05-05-2019,Chennai Super Kings,Kings XI Punjab,Kings XI Punjab,field,normal,0,Kings XI Punjab,0,6,KL Rahul,IS Bindra Stadium,KN Ananthapadmanabhan,C Shamshuddin,Bruce Oxenford
11347,IPL-2019,Mumbai,05-05-2019,Kolkata Knight Riders,Mumbai Indians,Mumbai Indians,field,normal,0,Mumbai Indians,0,9,HH Pandya,Wankhede Stadium,Nanda Kishore,O Nandan,S Ravi
11412,IPL-2019,Chennai,07-05-2019,Chennai Super Kings,Mumbai Indians,Chennai Super Kings,bat,normal,0,Mumbai Indians,0,6,AS Yadav,M. A. Chidambaram Stadium,Nigel Llong,Nitin Menon,Ian Gould
11414,IPL-2019,Visakhapatnam,10-05-2019,Delhi Capitals,Chennai Super Kings,Chennai Super Kings,field,normal,0,Chennai Super Kings,0,6,F du Plessis,ACA-VDCA Stadium,Sundaram Ravi,Bruce Oxenford,Chettithody Shamshuddin
11415,IPL-2019,Hyderabad,12-05-2019,Mumbai Indians,Chennai Super Kings,Mumbai Indians,bat,normal,0,Mumbai Indians,1,0,JJ Bumrah,Rajiv Gandhi Intl. Cricket Stadium,Nitin Menon,Ian Gould,Nigel Llong
